{
    "system": {
        "size": {
            "width": 700.0,
            "height": 500.0
        },
        "delta_time": 0.1,
        "balls": [
            {
                "id": 1,
                "pos": [
                    1.0,
                    -4.5,
                    100.35
                ],
                "vel": [
                    0.0,
                    0.0,
                    0.0
                ],
                "mass": 4.5,
                "radius": 20.75,
                "color": [
                    255,
                    0,
                    200
                ]
            }
        ],
        "walls": [
            {
                "id": 13,
                "p0": [
                    2.0,
                    -5.0,
                    1.0
                ],
                "normal": [
                    0.4082482904638631,
                    -0.4082482904638631,
                    0.8164965809277261
                ],
                "color": [
                    0,
                    0,
                    255
                ]
            }
        ]
    }
}